{
    "0": [
        -0.6, 
        0.20000000000000007, 
        0.5
    ], 
    "1": [
        -0.6, 
        0.20000000000000007, 
        0.5
    ], 
    "2": [
        -0.6, 
        0.20000000000000007, 
        0.5
    ], 
    "3": [
        -0.6, 
        0.20000000000000007, 
        0.5
    ], 
    "4": [
        -0.6, 
        0.20000000000000007, 
        0.5
    ]
}