{
    "0": [
        0.7071067811865475, 
        0.0, 
        0.0, 
        0.7071067811865475
    ], 
    "1": [
        0.7071067811865475, 
        0.0, 
        0.0, 
        0.7071067811865475
    ], 
    "2": [
        0.7071067811865475, 
        0.0, 
        0.0, 
        0.7071067811865475
    ], 
    "3": [
        0.7071067811865475, 
        0.0, 
        0.0, 
        0.7071067811865475
    ], 
    "4": [
        0.7071067811865475, 
        0.0, 
        0.0, 
        0.7071067811865475
    ]
}