{
    "0": [
        -0.8, 
        0.20000000000000007, 
        0.30000000000000004
    ], 
    "1": [
        -0.8, 
        0.20000000000000007, 
        0.30000000000000004
    ], 
    "2": [
        -0.8, 
        0.20000000000000007, 
        0.30000000000000004
    ], 
    "3": [
        -0.8, 
        0.20000000000000007, 
        0.30000000000000004
    ], 
    "4": [
        -0.8, 
        0.20000000000000007, 
        0.30000000000000004
    ]
}